{
  "resources.json": 1676621612283,
  "manifest.json": 1676621612280,
  "model/models.js": 1676620194334,
  "controller/View1.controller.js": 1676620194334,
  "Component.js": 1676620194330,
  "manifest-bundle.zip": 1676621611917,
  "Component-preload.js": 1676621612224,
  "Component-dbg.js": 1676620194330,
  "controller/View1-dbg.controller.js": 1676620194334,
  "model/models-dbg.js": 1676620194334,
  "i18n/i18n.properties": 1676620194334,
  "view/View1.view.xml": 1676620650834,
  "css/style.css": 1676620194334,
  "index.html": 1676620194330
}